table_name	conname	definition
batch_recipients	batch_recipients_batch_id_fkey	FOREIGN KEY (batch_id) REFERENCES event_batches(id) ON DELETE CASCADE
batch_recipients	batch_recipients_pkey	PRIMARY KEY (id)
batch_recipients	batch_recipients_recipient_id_fkey	FOREIGN KEY (recipient_id) REFERENCES recipients(id) ON DELETE CASCADE
campaign_senders	campaign_senders_campaign_id_fkey	FOREIGN KEY (campaign_id) REFERENCES campaigns(id) ON DELETE CASCADE
campaign_senders	campaign_senders_campaign_id_gmail_account_id_key	UNIQUE (campaign_id, gmail_account_id)
campaign_senders	campaign_senders_gmail_account_id_fkey	FOREIGN KEY (gmail_account_id) REFERENCES gmail_accounts(id) ON DELETE CASCADE
campaign_senders	campaign_senders_pkey	PRIMARY KEY (id)
campaigns	campaigns_pkey	PRIMARY KEY (id)
campaigns	campaigns_user_id_fkey	FOREIGN KEY (user_id) REFERENCES auth.users(id) ON DELETE CASCADE
event_batches	event_batches_campaign_id_fkey	FOREIGN KEY (campaign_id) REFERENCES campaigns(id) ON DELETE CASCADE
event_batches	event_batches_gmail_account_id_fkey	FOREIGN KEY (gmail_account_id) REFERENCES gmail_accounts(id)
event_batches	event_batches_pkey	PRIMARY KEY (id)
gmail_accounts	gmail_accounts_pkey	PRIMARY KEY (id)
gmail_accounts	gmail_accounts_user_id_email_key	UNIQUE (user_id, email)
gmail_accounts	gmail_accounts_user_id_fkey	FOREIGN KEY (user_id) REFERENCES auth.users(id) ON DELETE CASCADE
recipients	recipients_assigned_gmail_account_id_fkey	FOREIGN KEY (assigned_gmail_account_id) REFERENCES gmail_accounts(id)
recipients	recipients_campaign_id_fkey	FOREIGN KEY (campaign_id) REFERENCES campaigns(id) ON DELETE CASCADE
recipients	recipients_pkey	PRIMARY KEY (id)
